 點號 (測站), 覘標高, 編碼 (後視),   水平角 ,天頂距, 斜距,  縱座標, 橫座標 ,高程,  C1 , C2 , C3 ,DESP
7057,1,1007,1,1,1,,,,100,7,,
1007,1,2,1,1,1,2510556.307,195386.809,25.112,2,,,
2,1,211.045,1,1,1,2510553.48,195287.507,24.448,211,,,45
3,1,137231,1,1,1,2510553.663,195286.699,25.361,137,231,,
4,1,531,1,1,1,2510582.764,195317.838,26.08,531,,,
5,1,32,1,1,1,2510552.53,195287.269,-999,32,,,
6,1,210,1,1,1,2510557.18,195282.483,24.214,210,,,
7,1,230201,1,1,1,2510552.91,195287.431,25.093,230,201,,
8,1,530,1,1,1,2510572.686,195305.433,24.347,530,,,
9,1,200,1,1,1,2510549.18,195282.452,24.711,200,,,
10,1,130,1,1,1,2510550.869,195283.636,-999,130,,,
11,1,130,1,1,1,2510551.222,195283.454,-999,130,,,
12,1,32,1,1,1,2510549.134,195281.52,-999,32,,,
13,1,181.5,1,1,1,2510574.242,195303.849,23.695,181,,,500
14,1,0,1,1,1,2510548.748,195276.561,25.325,0,,,
15,1,130,1,1,1,2510546.259,195276.594,25.198,130,,,
16,1,230991.07,1,1,1,2510546.238,195296.621,25.015,230,991,,70
17,1,0,1,1,1,2510576.489,195301.813,23.023,0,,,
18,1,130032,1,1,1,2510532.425,195258.037,-999,130,32,,
19,1,990,1,1,1,2510528.213,195286.786,24.637,990,,,
20,1,84,1,1,1,2510528.961,195278.821,24.517,84,,,
21,1,180.5,1,1,1,2510563.46,195288.747,23.265,180,,,500
22,1,0,1,1,1,2510564.991,195287.46,22.765,0,,,
23,1,990981,1,1,1,2510507.503,195275.34,24.656,990,981,,
24,1,130157,1,1,1,2510521.151,195243.165,24.96,130,157,,
25,1,530,1,1,1,2510556.764,195283.53,25.354,530,,,
26,1,980200,1,1,1,2510514.876,195263.567,24.684,980,200,,
27,1,180.4,1,1,1,2510556.917,195280.132,23.274,180,,,400
28,1,150901,1,1,1,2510510.822,195230.021,24.714,150,901,,
29,1,32,1,1,1,2510509.95,195229.252,-999,32,,,
30,1,990981,1,1,1,2510467.186,195253.225,24.64,990,981,,
31,1,84,1,1,1,2510477.179,195252.853,24.49,84,,,
32,1,0,1,1,1,2510551.25,195269.335,22.998,0,,,
33,1,150,1,1,1,2510503.991,195221.16,24.89,150,,,
34,1,200980,1,1,1,2510473.874,195240.872,24.617,200,980,,
35,1,180.5,1,1,1,2510548.327,195268.752,23.483,180,,,500
36,1,150911,1,1,1,2510486.908,195199.304,24.859,150,911,,
37,1,32,1,1,1,2510484.614,195196.785,-999,32,,,
38,1,32,1,1,1,2510484.492,195196.364,-999,32,,,
39,1,530,1,1,1,2510539.142,195259.841,25.024,530,,,
40,1,980900,1,1,1,2510487.032,195216.156,24.612,980,900,,
41,1,84,1,1,1,2510498.023,195226.364,24.512,84,,,
42,1,910,1,1,1,2510483.904,195198.451,24.464,910,,,
43,1,530,1,1,1,2510511.966,195224.16,25.046,530,,,
44,1,180.5,1,1,1,2510513.059,195222.007,23.377,180,,,500
45,1,0,1,1,1,2510515.582,195220.384,22.777,0,,,
46,1,910,1,1,1,2510467.022,195188.527,24.483,910,,,
47,1,87,1,1,1,2510461.467,195194.284,24.483,87,,,
48,1,530,1,1,1,2510488.943,195193.914,24.632,530,,,
49,1,990981,1,1,1,2510430.947,195233.351,24.578,990,981,,
50,1,84,1,1,1,2510437.355,195225.674,24.458,84,,,
51,1,84,1,1,1,2510432.709,195243.195,24.478,84,,,
52,1,180,1,1,1,2510490.081,195192.846,23.355,180,,,
53,1,0,1,1,1,2510492.316,195191.189,23.386,0,,,
54,1,910921,1,1,1,2510444.042,195175.84,24.545,910,921,,
55,1,84,1,1,1,2510447.714,195156.18,24.355,84,,,
56,1,530,1,1,1,2510473.377,195174.077,24.865,530,,,
57,1,990971,1,1,1,2510418.87,195226.25,24.547,990,971,,
58,1,89,1,1,1,2510408.774,195237.344,24.547,89,,,
59,1,200970,1,1,1,2510425.906,195213.841,24.583,200,970,,
60,1,84,1,1,1,2510445.558,195210.124,24.433,84,,,
61,1,180.6,1,1,1,2510474.665,195172.245,23.365,180,,,600
62,1,970,1,1,1,2510428.943,195207.365,24.586,970,,,
63,1,900920970,1,1,1,2510437.19,195187.94,24.613,900,920,970,
64,1,0,1,1,1,2510476.443,195170.76,23.188,0,,,
65,1,920,1,1,1,2510406.81,195170.538,24.529,920,,,
66,1,87,1,1,1,2510411.139,195163.81,24.429,87,,,
67,1,990,1,1,1,2510373.103,195201.59,24.504,990,,,
68,1,84,1,1,1,2510382.857,195199.384,24.384,84,,,
69,1,530,1,1,1,2510454.396,195149.529,24.566,530,,,
70,1,920901,1,1,1,2510379.501,195155.003,24.463,920,901,,
71,1,925,1,1,1,2510378.956,195156.558,24.485,925,,,
72,1,995961,1,1,1,2510366.581,195196.959,24.544,995,961,,
73,1,0,1,1,1,2510366.296,195196.866,24.144,0,,,
74,1,920,1,1,1,2510378.668,195169.594,24.471,920,,,
75,1,990,1,1,1,2510368.625,195195.04,24.531,990,,,
76,1,180.55,1,1,1,2510456.358,195148.091,23.028,180,,,550
77,1,0,1,1,1,2510458.375,195146.614,22.528,0,,,
78,1,990,1,1,1,2510370.877,195190.795,24.5,990,,,
79,1,996926200,1,1,1,2510373.38,195184.532,24.479,996,926,200,
80,1,530,1,1,1,2510435.209,195125.036,24.582,530,,,
81,1,991979,1,1,1,2510377.174,195158.997,24.376,991,979,,
82,1,84,1,1,1,2510372.062,195167.592,24.276,84,,,
83,1,84,1,1,1,2510374.535,195151.445,24.176,84,,,
84,1,180.6,1,1,1,2510430.906,195115.417,23.082,180,,,600
85,1,0,1,1,1,2510433.313,195113.627,22.632,0,,,
86,1,910900,1,1,1,2510380.217,195141.085,24.456,910,900,,
87,1,970,1,1,1,2510377.277,195167.996,24.406,970,,,
88,1,976,1,1,1,2510375.984,195173.684,24.397,976,,,
89,1,975,1,1,1,2510369.611,195191.421,24.44,975,,,
90,1,970,1,1,1,2510366.312,195195.924,24.42,970,,,
91,1,976,1,1,1,2510362.163,195198.481,24.442,976,,,
92,1,960,1,1,1,2510362.407,195199.496,24.501,960,,,
93,1,911,1,1,1,2510419.948,195162.333,24.474,911,,,
94,1,910931,1,1,1,2510434.688,195134.723,24.474,910,931,,
95,1,970,1,1,1,2510353.802,195205.281,24.465,970,,,
96,1,970,1,1,1,2510352.568,195205.266,24.458,970,,,
97,1,910,1,1,1,2510437.216,195133.814,23.484,910,,,
98,1,960,1,1,1,2510353.636,195206.974,24.604,960,,,
99,1,970,1,1,1,2510351.413,195199.706,24.411,970,,,
100,1,970,1,1,1,2510349.344,195193.972,24.462,970,,,
101,1,970,1,1,1,2510349.472,195192.834,24.354,970,,,
102,1,89,1,1,1,2510341.449,195180.16,24.554,89,,,
103,1,975,1,1,1,2510354.158,195189.938,24.453,975,,,
104,1,970,1,1,1,2510357.73,195187.05,24.467,970,,,
105,1,976,1,1,1,2510360.273,195181.911,24.39,976,,,
106,1,970,1,1,1,2510363.225,195172.132,24.409,970,,,
107,1,970990,1,1,1,2510366.985,195157.142,-999,970,990,,
108,1,530,1,1,1,2510397.843,195075.618,24.524,530,,,
109,1,960,1,1,1,2510352.819,195211.392,24.572,960,,,
110,1,180.5,1,1,1,2510398.905,195074.317,23.366,180,,,500
111,1,960.13,1,1,1,2510352.829,195217.186,24.543,960,,,130
112,1,0,1,1,1,2510400.081,195072.828,22.7,0,,,
113,1,0,1,1,1,2510391.168,195060.764,22.4,0,,,
114,1,960,1,1,1,2510349.11,195238.452,24.533,960,,,
115,1,960911,1,1,1,2510348.888,195238.473,24.566,960,911,,
116,1,960,1,1,1,2510362.974,195245.516,24.559,960,,,
117,1,910.13,1,1,1,2510346.831,195248.118,24.544,910,,,130
118,1,0,1,1,1,2510345.981,195248.105,24.044,0,,,
119,1,980,1,1,1,2510417.498,195255.771,24.548,980,,,
120,1,915921,1,1,1,2510340.636,195264.163,24.627,915,921,,
121,1,920,1,1,1,2510343.404,195264.877,24.598,920,,,
122,1,910,1,1,1,2510339.723,195271.333,24.639,910,,,
123,1,916,1,1,1,2510339.279,195280.644,-999,916,,,
124,1,915,1,1,1,2510338.933,195299.165,-999,915,,,
125,1,101,1,1,1,2510338.925,195226.863,24.523,101,,,
126,1,910,1,1,1,2510341.146,195313.455,-999,910,,,
127,1,916,1,1,1,2510345.605,195325.642,-999,916,,,
128,1,910,1,1,1,2510346.269,195327.742,-999,910,,,
129,1,100,1,1,1,2510350.624,195210.992,24.405,100,,,
7058,1,1008,1,1,1,,,,100,8,,
1008,1,2,1,1,1,2510361.465,195034.039,24.547,2,,,
131,1,150,1,1,1,2510480.856,195191.453,24.834,150,,,
132,1,0,1,1,1,2510475.936,195181.702,24.795,0,,,
133,1,0,1,1,1,2510414.552,195101.756,24.746,0,,,
134,1,150,1,1,1,2510465.279,195171.21,24.773,150,,,
135,1,999,1,1,1,2510377.812,195153.593,24.422,999,,,
136,1,150,1,1,1,2510459.443,195163.287,24.737,150,,,
137,1,32,1,1,1,2510459.247,195163.458,-999,32,,,
138,1,150,1,1,1,2510455.159,195157.563,24.769,150,,,
139,1,84,1,1,1,2510447.136,195163.533,24.359,84,,,
140,1,990,1,1,1,2510378.43,195140.992,24.341,990,,,
141,1,935,1,1,1,2510420.724,195125.802,24.358,935,,,
142,1,150,1,1,1,2510434.309,195130.089,24.665,150,,,
143,1,32,1,1,1,2510434.146,195130.235,-999,32,,,
144,1,930,1,1,1,2510411.964,195121.355,24.4,930,,,
145,1,996,1,1,1,2510376.168,195127.567,24.27,996,,,
146,1,930,1,1,1,2510402.338,195119.502,24.413,930,,,
147,1,84,1,1,1,2510405.352,195112.092,24.113,84,,,
148,1,84,1,1,1,2510396.686,195133.397,24.293,84,,,
149,1,150,1,1,1,2510422.48,195114.781,24.667,150,,,
150,1,990,1,1,1,2510374.051,195121.097,24.212,990,,,
151,1,930,1,1,1,2510385.912,195116.985,24.422,930,,,
152,1,150,1,1,1,2510414.642,195104.955,24.704,150,,,
153,1,32,1,1,1,2510414.524,195105.048,-999,32,,,
154,1,995,1,1,1,2510359.055,195125.837,24.247,995,,,
155,1,84,1,1,1,2510365.544,195130.516,24.147,84,,,
156,1,150,1,1,1,2510407.853,195096.172,24.637,150,,,
157,1,930911,1,1,1,2510377.478,195116.453,24.414,930,911,,
158,1,990,1,1,1,2510365.507,195140.947,24.321,990,,,
159,1,996,1,1,1,2510367.027,195152.618,24.384,996,,,
160,1,941,1,1,1,2510394.866,195118.613,24.391,941,,,
161,1,150,1,1,1,2510393.681,195077.119,24.703,150,,,
162,1,32,1,1,1,2510393.483,195077.272,-999,32,,,
163,1,930900,1,1,1,2510375.975,195119.004,24.441,930,900,,
164,1,150921,1,1,1,2510393.229,195076.596,24.689,150,921,,
165,1,32,1,1,1,2510393.031,195076.749,-999,32,,,
166,1,0,1,1,1,2510375.221,195121.036,23.856,0,,,
167,1,991981,1,1,1,2510358.404,195124.869,24.267,991,981,,
168,1,995,1,1,1,2510355.253,195121.19,24.255,995,,,
169,1,920940,1,1,1,2510392.63,195078.373,24.291,920,940,,
170,1,910,1,1,1,2510372.402,195116.11,24.386,910,,,
171,1,841,1,1,1,2510356.181,195123.498,24.353,841,,,
172,1,150,1,1,1,2510384.989,195065.561,24.698,150,,,
173,1,84,1,1,1,2510377.063,195071.658,24.198,84,,,
174,1,915,1,1,1,2510362.246,195105.446,24.323,915,,,
175,1,910,1,1,1,2510358.715,195097.805,24.329,910,,,
176,1,840,1,1,1,2510315.493,195142.237,24.578,840,,,
177,1,89,1,1,1,2510314.457,195127.273,24.478,89,,,
178,1,910,1,1,1,2510359.053,195089.305,24.261,910,,,
179,1,0,1,1,1,2510358.163,195089.12,23.713,0,,,
180,1,150921,1,1,1,2510365.936,195040.678,24.627,150,921,,
181,1,920032,1,1,1,2510365.6,195041.102,24.361,920,32,,
182,1,910,1,1,1,2510362.363,195077.355,24.276,910,,,
183,1,980,1,1,1,2510368.737,195122.24,24.196,980,,,
184,1,985,1,1,1,2510372.378,195120.643,24.216,985,,,
185,1,980,1,1,1,2510373.287,195119.04,-999,980,,,
186,1,980,1,1,1,2510371.884,195117.26,24.225,980,,,
187,1,211.095,1,1,1,2510364.447,195040.644,23.471,211,,,95
188,1,910920,1,1,1,2510364.819,195066.013,24.297,910,920,,
189,1,0,1,1,1,2510363.989,195062.374,23.563,0,,,
190,1,980,1,1,1,2510365.83,195112.152,24.24,980,,,
191,1,980,1,1,1,2510359.063,195103.136,24.21,980,,,
192,1,980,1,1,1,2510356.608,195095.089,24.205,980,,,
193,1,210.095,1,1,1,2510364.844,195030.304,23.951,210,,,95
194,1,980,1,1,1,2510357.762,195086.079,24.202,980,,,
195,1,150971,1,1,1,2510363.72,195037.829,24.472,150,971,,
196,1,530,1,1,1,2510364.139,195031.048,24.63,530,,,
197,1,980961,1,1,1,2510361.515,195073.015,24.227,980,961,,
198,1,980,1,1,1,2510362.814,195067.941,24.192,980,,,
199,1,986970,1,1,1,2510363.097,195061.99,24.167,986,970,,
200,1,990.07,1,1,1,2510350.297,195113.178,24.242,990,,,70
201,1,990.06,1,1,1,2510347.354,195098.179,24.209,990,,,60
202,1,996.05,1,1,1,2510348.719,195085.211,24.193,996,,,50
203,1,990,1,1,1,2510350.691,195076.369,24.209,990,,,
204,1,990960,1,1,1,2510350.772,195070.321,24.202,990,960,,
1008,1,7058,1,1,1,,,,705,8,,
7058,1,2,1,1,1,2510437.487,195133.813,24.727,2,,,
206,1,150281361,1,1,1,2510361.084,195034.489,-999,150,281,361,
207,1,441989,1,1,1,2510350.24,195073.681,24.249,441,989,,
208,1,360291,1,1,1,2510358.666,195031.19,24.609,360,291,,
209,1,180.5,1,1,1,2510363.48,195026.077,23.341,180,,,500
210,1,0,1,1,1,2510364.081,195023.65,22.241,0,,,
211,1,980,1,1,1,2510349.577,195069.341,24.361,980,,,
212,1,84,1,1,1,2510352.183,195071.609,24.078,84,,,
213,1,280,1,1,1,2510358.86,195034.887,24.581,280,,,
214,1,84,1,1,1,2510355.47,195049.498,23.931,84,,,
215,1,290,1,1,1,2510357.858,195033.036,24.581,290,,,
216,1,530,1,1,1,2510347.281,195009.915,24.691,530,,,
217,1,180.6,1,1,1,2510348.617,195008.695,23.43,180,,,600
218,1,0,1,1,1,2510351.292,195007.337,22.43,0,,,
219,1,62,1,1,1,2510349.241,195039.138,24.537,62,,,
220,1,990,1,1,1,2510349.689,195065.611,24.247,990,,,
221,1,986,1,1,1,2510348.448,195064.227,24.362,986,,,
222,1,360157377,1,1,1,2510356.724,195028.815,24.623,360,157,377,
223,1,530,1,1,1,2510333.238,194991.042,24.55,530,,,
224,1,980231,1,1,1,2510344.156,195051.244,24.387,980,231,,
225,1,990631,1,1,1,2510344.98,195051.102,24.345,990,631,,
226,1,180.55,1,1,1,2510333.824,194987.785,23.32,180,,,550
227,1,150,1,1,1,2510352.387,195022.907,24.633,150,,,
228,1,87,1,1,1,2510328.776,195031.125,24.273,87,,,
229,1,630280,1,1,1,2510342.82,195044.193,24.48,630,280,,
230,1,230280,1,1,1,2510342.128,195044.552,24.478,230,280,,
231,1,530,1,1,1,2510318.68,194971.088,24.486,530,,,
232,1,280290991,1,1,1,2510341.416,195042.535,24.45,280,290,991,
233,1,990771,1,1,1,2510339.918,195039.147,24.327,990,771,,
234,1,370,1,1,1,2510339.034,195036.785,24.289,370,,,
235,1,87,1,1,1,2510327.77,195050.332,24.329,87,,,
236,1,32,1,1,1,2510330.012,195057.547,-999,32,,,
237,1,980,1,1,1,2510309.235,195067.788,24.361,980,,,
238,1,84,1,1,1,2510311.454,195077.539,24.261,84,,,
239,1,87,1,1,1,2510293.803,195066.527,24.332,87,,,
240,1,980991,1,1,1,2510293.98,195075.058,24.388,980,991,,
241,1,32,1,1,1,2510293.98,195075.461,-999,32,,,
242,1,180.6,1,1,1,2510319.616,194969.436,23.162,180,,,600
243,1,0,1,1,1,2510322.133,194967.805,21.962,0,,,
244,1,440990,1,1,1,2510302.296,195093.729,24.403,440,990,,
245,1,32,1,1,1,2510301.319,195092.198,-999,32,,,
246,1,150901,1,1,1,2510330.912,194994.644,-999,150,901,,
247,1,150211.04,1,1,1,2510329.703,194993.299,23.866,150,211,,40
248,1,32,1,1,1,2510329.457,194993.595,-999,32,,,
249,1,32,1,1,1,2510296.505,195053.1,-999,32,,,
250,1,370,1,1,1,2510296.112,195053.813,24.226,370,,,
251,1,210,1,1,1,2510333.408,194990.092,23.95,210,,,
252,1,530,1,1,1,2510297.469,194944.173,24.326,530,,,
253,1,770,1,1,1,2510287.461,195060.078,24.205,770,,,
254,1,900,1,1,1,2510318.943,194999.846,24.281,900,,,
255,1,180.6,1,1,1,2510298.472,194942.968,23.198,180,,,600
256,1,900,1,1,1,2510297.485,195009.734,24.265,900,,,
257,1,770,1,1,1,2510257.66,195072.245,24.233,770,,,
258,1,770991971,1,1,1,2510245.753,195078.173,24.348,770,991,971,
259,1,900,1,1,1,2510269.08,195022.445,24.264,900,,,
260,1,32,1,1,1,2510269.623,195021.534,-999,32,,,
261,1,32,1,1,1,2510268.801,195021.802,-999,32,,,
262,1,32,1,1,1,2510268.469,195021.124,24.148,32,,,
263,1,85,1,1,1,2510267.927,195006.133,24.148,85,,,
264,1,370,1,1,1,2510252.673,195071.287,24.313,370,,,
265,1,370970,1,1,1,2510243.205,195075.484,24.331,370,970,,
266,1,900,1,1,1,2510243.781,195033.508,24.271,900,,,
267,1,530,1,1,1,2510279.946,194922.661,24.154,530,,,
268,1,900,1,1,1,2510226.05,195041.086,24.313,900,,,
269,1,32,1,1,1,2510259.33,195091.219,-999,32,,,
270,1,32,1,1,1,2510258.871,195091.463,-999,32,,,
271,1,990980,1,1,1,2510258.825,195091.891,24.368,990,980,,
272,1,180.6,1,1,1,2510280.835,194921.756,23.355,180,,,600
273,1,0,1,1,1,2510283.271,194920.006,22.055,0,,,
274,1,990981,1,1,1,2510261.495,195094.89,24.467,990,981,,
275,1,970919,1,1,1,2510235.529,195067.038,24.292,970,919,,
276,1,535,1,1,1,2510276.228,194918.53,24.177,535,,,
277,1,980961,1,1,1,2510247.756,195102.995,24.433,980,961,,
278,1,83,1,1,1,2510236.065,195093.598,24.333,83,,,
279,1,910,1,1,1,2510226.438,195056.137,24.249,910,,,
280,1,87,1,1,1,2510211.635,195058.554,24.249,87,,,
281,1,87,1,1,1,2510240.598,195051.186,24.249,87,,,
282,1,87,1,1,1,2510263.484,195112.365,24.368,87,,,
283,1,916900,1,1,1,2510215.416,195046.373,24.268,916,900,,
284,1,900,1,1,1,2510212.94,195047.782,24.246,900,,,
285,1,440,1,1,1,2510271.749,195106.24,24.381,440,,,
286,1,990,1,1,1,2510271.132,195106.558,24.39,990,,,
287,1,900,1,1,1,2510205.408,195040.659,24.273,900,,,
288,1,440991,1,1,1,2510283.529,195120.267,24.415,440,991,,
289,1,440,1,1,1,2510296.707,195115.582,24.47,440,,,
290,1,440,1,1,1,2510297.884,195115.164,-999,440,,,
291,1,440,1,1,1,2510305.195,195134.112,24.476,440,,,
292,1,32,1,1,1,2510309.46,195143.284,-999,32,,,
293,1,440,1,1,1,2510310.579,195144.681,24.424,440,,,
294,1,32,1,1,1,2510311.906,195143.618,-999,32,,,
295,1,905911,1,1,1,2510192.973,195029.046,24.304,905,911,,
296,1,990,1,1,1,2510288.733,195128.137,24.495,990,,,
297,1,910921,1,1,1,2510179.378,195036.895,24.336,910,921,,
298,1,990,1,1,1,2510279.647,195133.633,24.502,990,,,
299,1,925,1,1,1,2510168.399,195042.315,24.292,925,,,
300,1,920,1,1,1,2510167.477,195046.279,24.315,920,,,
301,1,926,1,1,1,2510168.687,195050.442,24.303,926,,,
302,1,960,1,1,1,2510261.796,195126.783,24.428,960,,,
303,1,117,1,1,1,2510159.983,195053.509,-999,117,,,
304,1,980991,1,1,1,2510223.131,195116.884,24.496,980,991,,
305,1,83,1,1,1,2510215.373,195114.934,24.396,83,,,
306,1,83,1,1,1,2510220.695,195126.582,24.396,83,,,
307,1,110,1,1,1,2510167.741,195051.84,24.78,110,,,
308,1,85,1,1,1,2510167.782,195061.84,24.78,85,,,
309,1,110,1,1,1,2510174.586,195063.987,24.711,110,,,
310,1,990970910,1,1,1,2510204.665,195083.381,24.405,990,970,910,
311,1,970920,1,1,1,2510190.88,195090.992,24.464,970,920,,
312,1,110,1,1,1,2510189.311,195091.881,24.879,110,,,
313,1,970,1,1,1,2510197.792,195104.374,24.484,970,,,
314,1,110,1,1,1,2510198.341,195109.176,25.061,110,,,
315,1,970,1,1,1,2510202.245,195113.706,24.549,970,,,
316,1,980970,1,1,1,2510207.178,195125.901,24.616,980,970,,
317,1,110,1,1,1,2510204.157,195122.717,25.06,110,,,
318,1,85,1,1,1,2510196.565,195116.209,25.01,85,,,
319,1,110101,1,1,1,2510207.029,195132.279,25.193,110,101,,
320,1,110501,1,1,1,2510209.919,195139.284,25.201,110,501,,
321,1,82,1,1,1,2510209.244,195136.112,24.607,82,,,
322,1,100500,1,1,1,2510204.35,195143.746,24.924,100,500,,
7059,1,1008,1,1,1,,,,100,8,,
1008,1,2,1,1,1,2510361.502,195034.09,24.544,2,,,
324,1,919969,1,1,1,2510167.056,195049.299,24.199,919,969,,
325,1,960,1,1,1,2510163.054,195051.353,24.272,960,,,
326,1,111517,1,1,1,2510159.777,195055.007,25.186,111,517,,
327,1,530369,1,1,1,2510265.493,194909.341,24.221,530,369,,
328,1,185.6,1,1,1,2510266.645,194908.004,23.287,185,,,600
329,1,0,1,1,1,2510269.002,194906.148,22.087,0,,,
330,1,991,1,1,1,2510141.284,195068.178,25.621,991,,,
331,1,84,1,1,1,2510146.791,195062.375,25.021,84,,,
332,1,990,1,1,1,2510145.237,195069.952,25.575,990,,,
333,1,990510,1,1,1,2510148.795,195071.549,115.575,990,510,,
334,1,85,1,1,1,2510149.171,195071.879,115.075,85,,,
335,1,910,1,1,1,2510166.476,195045.651,24.235,910,,,
336,1,916921032,1,1,1,2510167.385,195041.113,24.212,916,921,32,
337,1,32,1,1,1,2510172.33,195038.752,-999,32,,,
338,1,910,1,1,1,2510174.383,195038.07,24.215,910,,,
339,1,360,1,1,1,2510256.053,194901.409,24.235,360,,,
340,1,110,1,1,1,2510136.962,195039.369,25.183,110,,,
341,1,910,1,1,1,2510188.253,195029.737,24.168,910,,,
342,1,931,1,1,1,2510189.744,195030.22,24.181,931,,,
343,1,966,1,1,1,2510159.201,195052.417,24.365,966,,,
344,1,910,1,1,1,2510185.263,195024.521,24.111,910,,,
345,1,930,1,1,1,2510185.785,195023.423,24.102,930,,,
346,1,84,1,1,1,2510190.698,195017.109,23.952,84,,,
347,1,920,1,1,1,2510162.495,195033.428,24.204,920,,,
348,1,85,1,1,1,2510156.686,195038.929,24.054,85,,,
349,1,84,1,1,1,2510169.03,195027.24,23.954,84,,,
350,1,910941,1,1,1,2510170.195,195004.263,24.139,910,941,,
351,1,920940,1,1,1,2510150.878,195016.957,24.203,920,940,,
352,1,910,1,1,1,2510169.531,195002.737,24.011,910,,,
353,1,930921,1,1,1,2510170.999,195002.761,24.101,930,921,,
354,1,940991,1,1,1,2510142.861,195005.331,24.196,940,991,,
355,1,910,1,1,1,2510159.545,194989.384,23.944,910,,,
356,1,84,1,1,1,2510154.297,194992.291,23.794,84,,,
357,1,990,1,1,1,2510133.667,195010.066,24.259,990,,,
358,1,920,1,1,1,2510156.768,194984.01,23.923,920,,,
359,1,84,1,1,1,2510163.931,194980.448,23.773,84,,,
360,1,990,1,1,1,2510126.027,195015.098,24.298,990,,,
361,1,990,1,1,1,2510120.905,195017.62,24.228,990,,,
362,1,940,1,1,1,2510137.932,194997.189,23.967,940,,,
363,1,910940,1,1,1,2510155.47,194983.73,23.929,910,940,,
364,1,990981,1,1,1,2510117.912,195011.319,23.982,990,981,,
365,1,980,1,1,1,2510118.808,195009.762,23.937,980,,,
366,1,84,1,1,1,2510126.671,194996.988,23.737,84,,,
367,1,910,1,1,1,2510152.422,194979.125,23.865,910,,,
368,1,920,1,1,1,2510152.877,194978.271,23.945,920,,,
369,1,985979,1,1,1,2510118.286,195000.49,23.913,985,979,,
370,1,920941,1,1,1,2510144.874,194967.454,23.984,920,941,,
371,1,910951,1,1,1,2510138.253,194960.648,23.861,910,951,,
372,1,910,1,1,1,2510132.778,194953.597,23.835,910,,,
373,1,84,1,1,1,2510126.902,194954.815,23.675,84,,,
374,1,970,1,1,1,2510121.156,194997.443,23.855,970,,,
375,1,970,1,1,1,2510121.75,194993.042,23.816,970,,,
376,1,990,1,1,1,2510109.62,195014.972,24,990,,,
377,1,84,1,1,1,2510102.803,195010.786,23.7,84,,,
378,1,990,1,1,1,2510106.393,195018.878,24.414,990,,,
379,1,970,1,1,1,2510120.858,194985.143,23.82,970,,,
380,1,976950,1,1,1,2510118.627,194977.35,23.812,976,950,,
381,1,980,1,1,1,2510116.846,194999.815,-999,980,,,
382,1,84,1,1,1,2510110.44,194986.252,-999,84,,,
383,1,975,1,1,1,2510115.685,194968.624,23.79,975,,,
384,1,920951,1,1,1,2510133.393,194952.815,23.862,920,951,,
385,1,950,1,1,1,2510140.825,194946.734,23.862,950,,,
386,1,84,1,1,1,2510139.153,194936.874,23.692,84,,,
387,1,970,1,1,1,2510113.904,194960.053,23.788,970,,,
388,1,986,1,1,1,2510114.406,195000.078,-999,986,,,
389,1,985,1,1,1,2510105.519,195002.443,23.828,985,,,
390,1,910,1,1,1,2510125.132,194944.833,23.772,910,,,
391,1,920,1,1,1,2510125.86,194944.329,23.779,920,,,
392,1,980,1,1,1,2510100.712,195002.608,-999,980,,,
393,1,910,1,1,1,2510118.762,194938.699,23.742,910,,,
394,1,910976,1,1,1,2510114.955,194947.618,23.799,910,976,,
395,1,986961,1,1,1,2510097.092,195001.521,23.85,986,961,,
396,1,960,1,1,1,2510097.347,194998.734,23.741,960,,,
397,1,82,1,1,1,2510094.286,194996.509,23.575,82,,,
398,1,920911,1,1,1,2510118.545,194937.205,23.79,920,911,,
399,1,980,1,1,1,2510085.548,194996.52,23.853,980,,,
400,1,910,1,1,1,2510115.242,194943.889,23.72,910,,,
401,1,910,1,1,1,2510113.443,194940.491,23.742,910,,,
402,1,970,1,1,1,2510112.797,194943.338,23.725,970,,,
403,1,960,1,1,1,2510094.224,194968.387,23.686,960,,,
404,1,84,1,1,1,2510101.996,194966.49,23.586,84,,,
405,1,910,1,1,1,2510107.834,194911.402,23.738,910,,,
406,1,960991,1,1,1,2510089.92,194924.466,23.754,960,991,,
407,1,970990,1,1,1,2510108.282,194922.029,23.787,970,990,,
408,1,910981,1,1,1,2510136.612,194902.404,23.863,910,981,,
409,1,84,1,1,1,2510134.72,194908.098,23.693,84,,,
410,1,970,1,1,1,2510105.51,194907.735,23.743,970,,,
411,1,970,1,1,1,2510101.103,194886.191,23.671,970,,,
412,1,920,1,1,1,2510124.55,194927.365,23.735,920,,,
413,1,920,1,1,1,2510133.582,194914.743,23.779,920,,,
414,1,920915,1,1,1,2510138.554,194905.54,23.875,920,915,,
415,1,910,1,1,1,2510141.874,194908.101,23.893,910,,,
416,1,916,1,1,1,2510145.325,194912.167,23.842,916,,,
417,1,84,1,1,1,2510155.29,194913.002,23.692,84,,,
418,1,910950,1,1,1,2510158.482,194930.876,23.932,910,950,,
419,1,910951,1,1,1,2510160.117,194932.474,23.954,910,951,,
420,1,950,1,1,1,2510170.49,194924.179,23.951,950,,,
421,1,910940,1,1,1,2510171.057,194946.74,23.99,910,940,,
422,1,910941,1,1,1,2510171.233,194946.937,24.004,910,941,,
423,1,950991,1,1,1,2510183.461,194914.247,24.006,950,991,,
424,1,950940,1,1,1,2510194.498,194930.601,24.096,950,940,,
425,1,84,1,1,1,2510195.784,194945.545,23.896,84,,,
426,1,84,1,1,1,2510203.555,194934.84,23.976,84,,,
427,1,84,1,1,1,2510193.469,194918.645,23.796,84,,,
428,1,980,1,1,1,2510161.752,194894.503,23.865,980,,,
429,1,980,1,1,1,2510162.016,194891.081,23.912,980,,,
430,1,910921,1,1,1,2510197.265,194981.528,24.135,910,921,,
431,1,930,1,1,1,2510190.929,194988.019,24.102,930,,,
432,1,910930,1,1,1,2510197.44,194982.455,24.121,910,930,,
433,1,84,1,1,1,2510212.357,194980.883,24.021,84,,,
434,1,84,1,1,1,2510191.343,194996.16,24.001,84,,,
435,1,950,1,1,1,2510206.196,194946.747,24.057,950,,,
436,1,950920,1,1,1,2510218.481,194963.759,24.135,950,920,,
437,1,985,1,1,1,2510174.735,194892.189,23.93,985,,,
438,1,900,1,1,1,2510199.013,195023.429,24.191,900,,,
439,1,906,1,1,1,2510206.639,195017.836,24.152,906,,,
440,1,32,1,1,1,2510210.8,195014.349,-999,32,,,
441,1,32,1,1,1,2510211.494,195013.594,-999,32,,,
442,1,980,1,1,1,2510177.835,194902.97,23.911,980,,,
443,1,986990,1,1,1,2510181.61,194910.601,23.912,986,990,,
444,1,900,1,1,1,2510212.494,195013.253,24.155,900,,,
445,1,900910,1,1,1,2510217.312,195010.145,24.15,900,910,,
446,1,940999,1,1,1,2510209.462,194919.706,24.094,940,999,,
447,1,990989,1,1,1,2510201.45,194908.294,23.998,990,989,,
448,1,32,1,1,1,2510238.477,194998.689,-999,32,,,
449,1,900950,1,1,1,2510242.603,194996.895,24.129,900,950,,
450,1,980,1,1,1,2510208.792,194906.874,24.039,980,,,
451,1,980,1,1,1,2510218.474,194906.895,24.056,980,,,
452,1,940,1,1,1,2510220.539,194933.979,24.042,940,,,
453,1,32,1,1,1,2510254.567,194990.015,-999,32,,,
454,1,940920,1,1,1,2510233.518,194951.113,24.122,940,920,,
455,1,84,1,1,1,2510238.266,194936.884,23.872,84,,,
456,1,84,1,1,1,2510246.706,194958.259,23.922,84,,,
457,1,84,1,1,1,2510236.521,194965.809,23.972,84,,,
458,1,940,1,1,1,2510238.233,194957.55,24.091,940,,,
459,1,986,1,1,1,2510226.917,194908.057,24.049,986,,,
460,1,940,1,1,1,2510249.992,194973.117,24.094,940,,,
461,1,940900,1,1,1,2510260.256,194988.293,24.124,940,900,,
462,1,32,1,1,1,2510262.967,194986.201,-999,32,,,
463,1,980961,1,1,1,2510230.5,194908.303,24.073,980,961,,
464,1,900,1,1,1,2510271.653,194982.499,24.2,900,,,
465,1,85,1,1,1,2510281.225,194985.394,24.1,85,,,
466,1,960,1,1,1,2510244.174,194924.701,24.045,960,,,
467,1,84,1,1,1,2510259.162,194924.116,23.895,84,,,
468,1,980,1,1,1,2510222.277,194896.829,23.968,980,,,
469,1,960,1,1,1,2510249.394,194930.409,24.056,960,,,
470,1,960920,1,1,1,2510253.374,194934.807,24.119,960,920,,
471,1,960,1,1,1,2510256.8,194938.781,24.102,960,,,
472,1,960,1,1,1,2510275.114,194962.474,24.079,960,,,
473,1,960905,1,1,1,2510284.107,194975.003,24.212,960,905,,
474,1,900,1,1,1,2510289.682,194970.887,24.085,900,,,
475,1,906457,1,1,1,2510295.325,194964.579,24.114,906,457,,
476,1,986959,1,1,1,2510218.86,194890.807,23.973,986,959,,
477,1,84,1,1,1,2510211.037,194884.579,23.823,84,,,
478,1,360,1,1,1,2510238.611,194887.965,24.531,360,,,
479,1,551,1,1,1,2510238.735,194887.599,24.533,551,,,
480,1,150,1,1,1,2510320.689,194981.386,24.47,150,,,
481,1,950,1,1,1,2510223.075,194891.003,-999,950,,,
482,1,950,1,1,1,2510226.009,194889.61,24.014,950,,,
483,1,956,1,1,1,2510227.212,194887.24,24.015,956,,,
484,1,0,1,1,1,2510314.607,194970.936,24.544,0,,,
485,1,32,1,1,1,2510306.559,194963.612,-999,32,,,
486,1,32,1,1,1,2510289.337,194939.107,-999,32,,,
487,1,180.6,1,1,1,2510238.723,194886.963,22.773,180,,,600
488,1,0,1,1,1,2510240.741,194884.743,21.273,0,,,
489,1,980,1,1,1,2510213.378,194890.838,23.967,980,,,
490,1,150101,1,1,1,2510304.466,194959.965,24.381,150,101,,
491,1,100,1,1,1,2510298.507,194965.351,24.258,100,,,
492,1,100900,1,1,1,2510296.48,194963.134,24.221,100,900,,
493,1,900150,1,1,1,2510302.191,194956.907,24.471,900,150,,
494,1,76,1,1,1,2510300.774,194961.249,24.13,76,,,
495,1,550,1,1,1,2510218.401,194875.174,24.52,550,,,
496,1,996,1,1,1,2510196.365,194900.065,23.961,996,,,
497,1,84,1,1,1,2510204.12,194898.101,23.841,84,,,
498,1,990,1,1,1,2510193.741,194895.508,-999,990,,,
499,1,32,1,1,1,2510301.153,194956.202,-999,32,,,
500,1,180.6,1,1,1,2510218.626,194874.706,22.535,180,,,600
501,1,990980,1,1,1,2510193.072,194893.189,23.982,990,980,,
502,1,150,1,1,1,2510296.854,194949.802,24.344,150,,,
503,1,980991,1,1,1,2510188.533,194892.481,24.002,980,991,,
504,1,150,1,1,1,2510288.129,194939.058,24.352,150,,,
505,1,150,1,1,1,2510285.789,194935.7,24.315,150,,,
506,1,550,1,1,1,2510193.14,194861.782,24.445,550,,,
507,1,980,1,1,1,2510174.889,194891.171,23.985,980,,,
508,1,84,1,1,1,2510176.145,194881.25,23.835,84,,,
509,1,180.6,1,1,1,2510192.91,194861.283,22.675,180,,,600
510,1,0,1,1,1,2510194.668,194858.852,21.075,0,,,
511,1,150,1,1,1,2510275.097,194923.074,24.36,150,,,
512,1,980971,1,1,1,2510160.641,194889.943,23.985,980,971,,
513,1,150,1,1,1,2510265.977,194914.033,24.38,150,,,
514,1,61,1,1,1,2510187.074,194862.107,24.577,61,,,
515,1,150,1,1,1,2510257.738,194906.379,24.4,150,,,
516,1,150,1,1,1,2510252.308,194902.685,24.358,150,,,
517,1,550,1,1,1,2510176.204,194854.76,24.487,550,,,
518,1,970,1,1,1,2510160.684,194893.821,24.085,970,,,
519,1,0,1,1,1,2510161.384,194890.63,23.745,0,,,
520,1,180.6,1,1,1,2510176.187,194854.232,22.725,180,,,600
521,1,910,1,1,1,2510244.095,194896.564,24.407,910,,,
522,1,910,1,1,1,2510236.8,194891.968,24.535,910,,,
523,1,910,1,1,1,2510235.721,194892.287,24.548,910,,,
524,1,550,1,1,1,2510154.722,194847.389,24.506,550,,,
525,1,970961,1,1,1,2510130.029,194902.664,23.914,970,961,,
526,1,84,1,1,1,2510132.096,194887.807,23.714,84,,,
527,1,155,1,1,1,2510220.115,194882.678,24.468,155,,,
528,1,180.6,1,1,1,2510154.76,194846.87,22.56,180,,,600
529,1,0,1,1,1,2510156.335,194844.317,20.96,0,,,
530,1,150,1,1,1,2510210.78,194877.265,24.454,150,,,
531,1,960,1,1,1,2510112.71,194908.61,23.827,960,,,
532,1,150,1,1,1,2510200.906,194871.863,24.491,150,,,
533,1,960,1,1,1,2510107.64,194909.458,23.913,960,,,
534,1,0,1,1,1,2510107.002,194910.579,23.511,0,,,
535,1,156,1,1,1,2510190.877,194866.904,24.461,156,,,
536,1,556,1,1,1,2510135.324,194843.119,24.512,556,,,
537,1,990,1,1,1,2510184.195,194866.44,24.058,990,,,
538,1,155990,1,1,1,2510184.353,194864.177,24.505,155,990,,
539,1,960,1,1,1,2510102.568,194885.118,23.892,960,,,
540,1,150,1,1,1,2510172.145,194859.311,24.53,150,,,
541,1,951,1,1,1,2510097.072,194864.629,23.773,951,,,
542,1,150,1,1,1,2510159.662,194854.955,24.491,150,,,
543,1,155980,1,1,1,2510154.996,194853.387,24.499,155,980,,
544,1,180.6,1,1,1,2510134.966,194842.554,22.686,180,,,600
545,1,960,1,1,1,2510096.312,194851.46,23.875,960,,,
546,1,84,1,1,1,2510105.615,194855.126,23.695,84,,,
547,1,150,1,1,1,2510149.519,194851.769,24.474,150,,,
548,1,960,1,1,1,2510095.599,194847.069,23.846,960,,,
549,1,156,1,1,1,2510143.494,194850.45,24.461,156,,,
550,1,155,1,1,1,2510135.246,194848.911,24.435,155,,,
551,1,960,1,1,1,2510100.076,194846.369,23.89,960,,,
552,1,0,1,1,1,2510100.393,194845.634,23.29,0,,,
553,1,960,1,1,1,2510105.491,194847.186,23.826,960,,,
554,1,960,1,1,1,2510106.926,194844.622,23.822,960,,,
555,1,150,1,1,1,2510121.433,194846.438,24.447,150,,,
556,1,530,1,1,1,2510095.312,194837.362,24.518,530,,,
557,1,150,1,1,1,2510106.821,194844.346,24.498,150,,,
558,1,180,1,1,1,2510095.222,194836.92,22.662,180,,,
559,1,0,1,1,1,2510096.501,194834.206,21.162,0,,,
560,1,211.09,1,1,1,2510093.881,194845.014,24.006,211,,,90
561,1,150950,1,1,1,2510092.728,194842.826,24.472,150,950,,
562,1,970,1,1,1,2510120.102,194847.099,23.956,970,,,
563,1,970,1,1,1,2510144.308,194852.067,24.003,970,,,
564,1,970,1,1,1,2510148.522,194853.537,23.896,970,,,
565,1,970,1,1,1,2510148.772,194851.862,-999,970,,,
566,1,210,1,1,1,2510093.044,194836.737,22.616,210,,,
7061,1,7060,1,1,1,,,,706,0,,
7060,1,2,1,1,1,2510179.327,195036.916,24.319,2,,,
1,1,61,1,1,1,2510166.234,195167.981,26.963,61,,,
2,1,117701.4R,1,1,1,2510162.974,195136.427,26.541,117,701,,4R0
3,1,110,1,1,1,2510167.988,195138.741,26.653,110,,,
4,1,85,1,1,1,2510168.727,195137.322,25.153,85,,,
5,1,157,1,1,1,2510204.381,195143.729,-999,157,,,
6,1,155110,1,1,1,2510204.259,195145.16,-999,155,110,,
7,1,700411,1,1,1,2510161.331,195147.113,-999,700,411,,
8,1,150,1,1,1,2510203.496,195153.101,-999,150,,,
9,1,410701.4R,1,1,1,2510161.281,195150.097,-999,410,701,,4R0
10,1,156,1,1,1,2510201.658,195159,-999,156,,,
11,1,76,1,1,1,2510181.664,195149.472,26.94,76,,,
12,1,150,1,1,1,2510199.798,195164.592,-999,150,,,
13,1,711.1B,1,1,1,2510196.326,195165.536,-999,711,,,1B0
14,1,150411,1,1,1,2510199.204,195166.255,-999,150,411,,
15,1,710,1,1,1,2510196.47,195162.513,-999,710,,,
16,1,713721,1,1,1,2510193.037,195162.335,-999,713,721,,
17,1,720.T,1,1,1,2510193.254,195159.42,-999,720,,,T00
18,1,720,1,1,1,2510171.927,195156.886,27.055,720,,,
19,1,150,1,1,1,2510194.511,195193.766,-999,150,,,
20,1,150,1,1,1,2510193.416,195200.091,-999,150,,,
21,1,410711,1,1,1,2510173.402,195163.457,27.056,410,711,,
22,1,720710,1,1,1,2510170.868,195163.239,27.051,720,710,,
23,1,410281,1,1,1,2510172.422,195170.276,-999,410,281,,
24,1,285,1,1,1,2510172.163,195173.182,-999,285,,,
25,1,700811,1,1,1,2510159.965,195159.502,-999,700,811,,
26,1,280,1,1,1,2510171.31,195178.528,27.28,280,,,
27,1,280,1,1,1,2510172.059,195184.989,27.349,280,,,
28,1,37,1,1,1,2510162.038,195161.58,-999,37,,,
29,1,810,1,1,1,2510159.642,195162.358,-999,810,,,
30,1,301,1,1,1,2510161.414,195169.153,-999,301,,,
31,1,300411.4R,1,1,1,2510163.996,195169.533,-999,300,411,,4R0
32,1,410,1,1,1,2510165.48,195169.752,-999,410,,,
33,1,300,1,1,1,2510163.02,195176.162,-999,300,,,
34,1,300,1,1,1,2510164.386,195176.226,-999,300,,,
35,1,280,1,1,1,2510176.201,195189.806,27.317,280,,,
36,1,280,1,1,1,2510181.617,195192.195,27.298,280,,,
37,1,280,1,1,1,2510187.952,195191.592,27.305,280,,,
38,1,301.4R,1,1,1,2510164.772,195183.004,-999,301,,,4R0
39,1,150410,1,1,1,2510167.179,195196.531,-999,150,410,,
40,1,280,1,1,1,2510193.106,195187.787,27.298,280,,,
41,1,280,1,1,1,2510195.558,195182.134,27.239,280,,,
42,1,74,1,1,1,2510183.243,195180.024,27.194,74,,,
43,1,300410,1,1,1,2510162.897,195195.912,-999,300,410,,
44,1,280,1,1,1,2510194.904,195175.597,27.267,280,,,
45,1,280,1,1,1,2510190.133,195169.64,27.255,280,,,
46,1,286,1,1,1,2510182.923,195167.396,27.248,286,,,
47,1,280,1,1,1,2510183.186,195164.829,27.138,280,,,
48,1,991981,1,1,1,2510184.566,195199.517,25.66,991,981,,
49,1,990,1,1,1,2510167.53,195197.33,25.635,990,,,
50,1,87,1,1,1,2510166.624,195207.289,25.635,87,,,
51,1,81,1,1,1,2510195.256,195170.008,27.154,81,,,
52,1,81,1,1,1,2510176.57,195194.483,27.053,81,,,
53,1,89,1,1,1,2510212.833,195180.63,25.314,89,,,
54,1,117,1,1,1,2510213.549,195144.895,25.28,117,,,
55,1,110,1,1,1,2510224.414,195162.438,25.42,110,,,
56,1,110,1,1,1,2510231.52,195175.033,25.476,110,,,
57,1,110,1,1,1,2510232.757,195179.669,25.473,110,,,
58,1,110,1,1,1,2510233.236,195188.888,25.539,110,,,
59,1,951961971,1,1,1,2510208.433,195204.215,25.777,951,961,971,
60,1,970,1,1,1,2510226.698,195205.349,25.615,970,,,
61,1,960,1,1,1,2510198.797,195202.959,25.762,960,,,
62,1,970110,1,1,1,2510236.793,195206.379,-999,970,110,,
63,1,89,1,1,1,2510222.841,195217.63,25.555,89,,,
64,1,960,1,1,1,2510190.842,195200.846,25.776,960,,,
65,1,0,1,1,1,2510238.784,195218.022,25.814,0,,,
66,1,110,1,1,1,2510239.319,195217.896,25.814,110,,,
67,1,89,1,1,1,2510222.396,195243.296,25.735,89,,,
68,1,960,1,1,1,2510185.691,195199.821,25.761,960,,,
69,1,0,1,1,1,2510185.398,195199.416,25.361,0,,,
70,1,110,1,1,1,2510240.909,195226.758,25.819,110,,,
71,1,950991,1,1,1,2510208.26,195225.504,25.778,950,991,,
72,1,980971,1,1,1,2510183.655,195217.309,25.804,980,971,,
73,1,950919,1,1,1,2510208.451,195226.613,25.829,950,919,,
74,1,910,1,1,1,2510218.882,195226.385,25.798,910,,,
75,1,910,1,1,1,2510228.087,195227.277,25.796,910,,,
76,1,916,1,1,1,2510235.562,195229.446,25.798,916,,,
77,1,970,1,1,1,2510164.494,195216.024,25.821,970,,,
78,1,87,1,1,1,2510166.867,195219.244,25.821,87,,,
79,1,910110,1,1,1,2510239.686,195230.557,25.854,910,110,,
80,1,110901911,1,1,1,2510239.345,195232.285,25.912,110,901,911,
81,1,960990,1,1,1,2510184.517,195226.022,25.854,960,990,,
82,1,84,1,1,1,2510190.572,195218.063,25.604,84,,,
83,1,110,1,1,1,2510242.351,195232.469,25.888,110,,,
84,1,101,1,1,1,2510183.744,195222.032,25.81,101,,,
85,1,0,1,1,1,2510244.387,195234.907,-999,0,,,
86,1,110,1,1,1,2510245.016,195234.743,-999,110,,,
87,1,100,1,1,1,2510165.535,195221.253,25.894,100,,,
88,1,991,1,1,1,2510163.625,195233.374,25.943,991,,,
89,1,87,1,1,1,2510164.922,195228.545,25.743,87,,,
90,1,87,1,1,1,2510165.692,195241.103,25.943,87,,,
91,1,990,1,1,1,2510182.761,195233.739,25.869,990,,,
22282,1,2,1,1,1,2510225.713,195245.997,25.733,2,,,
93,1,990981,1,1,1,2510182.458,195248.372,25.934,990,981,,
94,1,960980,1,1,1,2510183.486,195248.379,25.898,960,980,,
95,1,950941,1,1,1,2510207.671,195264.629,25.87,950,941,,
96,1,990,1,1,1,2510167.155,195248.058,25.915,990,,,
97,1,940960,1,1,1,2510182.839,195264.208,26.059,940,960,,
98,1,84,1,1,1,2510187.102,195255.162,25.509,84,,,
99,1,940,1,1,1,2510159.518,195264.606,26.104,940,,,
100,1,87,1,1,1,2510165.334,195256.472,25.804,87,,,
101,1,991981,1,1,1,2510268.822,195138.857,24.447,991,981,,
102,1,32,1,1,1,2510267.997,195138.087,24.401,32,,,
103,1,901,1,1,1,2510240.224,195146.504,-999,901,,,
104,1,900980,1,1,1,2510243.549,195151.962,24.494,900,980,,
105,1,87,1,1,1,2510240.178,195155.656,24.294,87,,,
106,1,32,1,1,1,2510244.589,195150.975,-999,32,,,
107,1,601,1,1,1,2510217.492,195146.181,-999,601,,,
108,1,971,1,1,1,2510309.537,195145.429,24.46,971,,,
109,1,600,1,1,1,2510226.206,195162.613,24.618,600,,,
110,1,600,1,1,1,2510233.306,195172.399,24.47,600,,,
111,1,970,1,1,1,2510321.444,195168.686,24.504,970,,,
112,1,89,1,1,1,2510316.534,195177.398,24.704,89,,,
113,1,900,1,1,1,2510258.308,195177.787,24.497,900,,,
114,1,900911,1,1,1,2510259.003,195179.002,-999,900,911,,
115,1,970,1,1,1,2510299.498,195176.455,24.48,970,,,
116,1,600910,1,1,1,2510235.968,195179.046,24.565,600,910,,
117,1,990970900,1,1,1,2510290.827,195177.878,24.539,990,970,900,
118,1,87,1,1,1,2510297.725,195164.558,24.439,87,,,
119,1,600181,1,1,1,2510234.636,195179.222,24.619,600,181,,
120,1,101,1,1,1,2510289.552,195179.152,24.572,101,,,
121,1,82,1,1,1,2510286.935,195191.216,24.306,82,,,
122,1,119,1,1,1,2510241.477,195180.017,24.667,119,,,
123,1,0,1,1,1,2510260.323,195186.761,24.753,0,,,
124,1,110,1,1,1,2510236.982,195183.707,25.038,110,,,
125,1,0,1,1,1,2510235.967,195182.22,24.188,0,,,
126,1,110,1,1,1,2510237.313,195189.062,25.108,110,,,
127,1,0,1,1,1,2510270.703,195208.302,24.374,0,,,
128,1,110,1,1,1,2510241.688,195193.256,24.908,110,,,
129,1,82,1,1,1,2510298.209,195232.698,24.426,82,,,
130,1,110,1,1,1,2510239.821,195197.559,25.077,110,,,
131,1,100,1,1,1,2510307.757,195237.747,24.432,100,,,
132,1,116,1,1,1,2510241.069,195201.677,24.708,116,,,
133,1,0,1,1,1,2510266.552,195240.633,24.506,0,,,
134,1,110,1,1,1,2510244.927,195224.224,24.54,110,,,
135,1,0,1,1,1,2510243.498,195224.683,23.94,0,,,
22282,1,7061,1,1,1,,,,706,1,,
7061,1,2,1,1,1,2510227.396,195169.666,25.519,2,,,
137,1,110,1,1,1,2510250.512,195238.987,24.668,110,,,
138,1,110,1,1,1,2510261.254,195264.776,24.45,110,,,
139,1,0,1,1,1,2510260.553,195266.103,23.85,0,,,
140,1,110,1,1,1,2510270.495,195291.067,24.636,110,,,
141,1,0,1,1,1,2510269.431,195292.124,23.936,0,,,
142,1,0,1,1,1,2510292.8,195281.006,24.524,0,,,
143,1,82,1,1,1,2510311.059,195258.033,24.457,82,,,
144,1,0,1,1,1,2510325.912,195260.128,24.457,0,,,
145,1,110,1,1,1,2510281.282,195316.399,24.764,110,,,
146,1,0,1,1,1,2510280.104,195317.328,23.964,0,,,
147,1,110,1,1,1,2510289.228,195332.172,24.653,110,,,
148,1,117.1,1,1,1,2510245.168,195235.305,25.854,117,,,100
149,1,960991,1,1,1,2510182.794,195292.713,26.161,960,991,,
150,1,84,1,1,1,2510189.559,195285.349,25.861,84,,,
151,1,110.1,1,1,1,2510250.983,195249.478,26.028,110,,,100
152,1,110.1,1,1,1,2510257.531,195267.152,25.982,110,,,100
153,1,941,1,1,1,2510239.329,195232.32,25.913,941,,,
154,1,950989,1,1,1,2510207.981,195265.473,26.009,950,989,,
155,1,945,1,1,1,2510240.442,195239.35,25.905,945,,,
156,1,980,1,1,1,2510222.246,195265.032,26.025,980,,,
157,1,84,1,1,1,2510220.454,195274.87,25.875,84,,,
158,1,110.11,1,1,1,2510261.922,195276.599,26.097,110,,,110
159,1,940,1,1,1,2510239.907,195243.587,26.031,940,,,
160,1,946,1,1,1,2510237.673,195246.464,25.93,946,,,
161,1,115,1,1,1,2510263.955,195282.227,26.124,115,,,
162,1,940986,1,1,1,2510236.312,195265.945,25.992,940,986,,
163,1,950981,1,1,1,2510207.636,195292.913,26.116,950,981,,
164,1,110901,1,1,1,2510267.952,195296.63,26.29,110,901,,
165,1,940980,1,1,1,2510236.481,195292.803,26.096,940,980,,
166,1,900,1,1,1,2510257.306,195299.75,25.919,900,,,
167,1,84,1,1,1,2510249.705,195286.818,25.759,84,,,
168,1,84,1,1,1,2510262.545,195313.805,25.819,84,,,
169,1,900,1,1,1,2510251.662,195301.986,25.905,900,,,
170,1,950990,1,1,1,2510207.203,195293.389,26.156,950,990,,
171,1,950,1,1,1,2510206.834,195298.739,26.151,950,,,
172,1,84,1,1,1,2510215.521,195303.692,25.871,84,,,
173,1,84,1,1,1,2510196.996,195300.528,26.001,84,,,
174,1,900940,1,1,1,2510236.36,195304.8,26.165,900,940,,
175,1,110.14,1,1,1,2510272.439,195305.26,26.295,110,,,140
176,1,960991,1,1,1,2510182.536,195295.395,26.225,960,991,,
177,1,940,1,1,1,2510235.466,195325.843,26.15,940,,,
178,1,116.22,1,1,1,2510277.892,195317.695,26.702,116,,,220
179,1,990,1,1,1,2510166.705,195296.236,26.289,990,,,
180,1,87,1,1,1,2510170.058,195286.815,25.989,87,,,
181,1,110,1,1,1,2510283.973,195332.338,26.339,110,,,
182,1,940,1,1,1,2510234.34,195331.854,26.133,940,,,
183,1,950991,1,1,1,2510182.347,195324.721,26.363,950,991,,
184,1,84,1,1,1,2510187.172,195315.962,25.963,84,,,
185,1,110.2,1,1,1,2510285.542,195335.056,26.127,110,,,200
186,1,110.3,1,1,1,2510287.009,195336.214,26.081,110,,,300
187,1,990,1,1,1,2510169.102,195323.799,26.32,990,,,
188,1,84,1,1,1,2510170.154,195313.855,26.12,84,,,
189,1,115901,1,1,1,2510286.572,195340.566,26.095,115,901,,
190,1,950991,1,1,1,2510194.876,195326.083,26.341,950,991,,
191,1,940,1,1,1,2510222.948,195330.07,26.239,940,,,
192,1,110.08,1,1,1,2510288.778,195345.363,26.193,110,,,80
193,1,110,1,1,1,2510292.484,195349.021,26.131,110,,,
194,1,990950,1,1,1,2510205.862,195327.205,26.23,990,950,,
195,1,84,1,1,1,2510212.776,195319.979,26.01,84,,,
196,1,940,1,1,1,2510196.276,195327.46,26.223,940,,,
197,1,116.08,1,1,1,2510297.008,195351.339,26.209,116,,,80
198,1,960,1,1,1,2510192.591,195343.176,26.331,960,,,
199,1,0,1,1,1,2510200.047,195327.344,26.035,0,,,
200,1,900,1,1,1,2510277.854,195339.478,26.125,900,,,
201,1,940,1,1,1,2510194.489,195339.669,26.3,940,,,
202,1,900,1,1,1,2510255.902,195337.674,26.062,900,,,
203,1,84,1,1,1,2510257.153,195341.473,25.982,84,,,
204,1,911,1,1,1,2510232.712,195332.082,-999,911,,,
205,1,960,1,1,1,2510191.25,195345.39,26.316,960,,,
206,1,771,1,1,1,2510234.871,195331.447,25.986,771,,,
207,1,770,1,1,1,2510234.319,195334.6,26.023,770,,,
208,1,770,1,1,1,2510237.004,195335.306,25.91,770,,,
209,1,770900,1,1,1,2510237.265,195336.563,25.667,770,900,,
210,1,940991,1,1,1,2510192.491,195346.768,26.4,940,991,,
211,1,960,1,1,1,2510172.176,195343.037,26.349,960,,,
212,1,0,1,1,1,2510174.796,195343.92,26.159,0,,,
213,1,990,1,1,1,2510171.522,195343.932,26.407,990,,,
214,1,0,1,1,1,2510233.847,195348.855,26.162,0,,,
215,1,87,1,1,1,2510212.602,195348.808,26.188,87,,,
216,1,940,1,1,1,2510190.601,195360.601,26.46,940,,,
217,1,770931,1,1,1,2510234.294,195352.1,26.184,770,931,,
218,1,940991,1,1,1,2510189.776,195370.581,26.524,940,991,,
219,1,910,1,1,1,2510231.163,195351.5,26.226,910,,,
220,1,990,1,1,1,2510171.727,195369.666,26.441,990,,,
221,1,0,1,1,1,2510173.728,195365.083,26.241,0,,,
222,1,770,1,1,1,2510232.832,195361.626,26.148,770,,,
223,1,910,1,1,1,2510229.454,195363.094,26.254,910,,,
224,1,940,1,1,1,2510196.019,195371.27,26.495,940,,,
225,1,910921,1,1,1,2510226.969,195375.019,26.31,910,921,,
226,1,940920,1,1,1,2510196.058,195372.357,26.527,940,920,,
227,1,770921,1,1,1,2510229.686,195377.179,26.162,770,921,,
228,1,940921,1,1,1,2510193.154,195410.991,26.526,940,921,,
229,1,910901,1,1,1,2510224.228,195396.361,26.434,910,901,,
230,1,940,1,1,1,2510216.01,195412.525,26.57,940,,,
231,1,990,1,1,1,2510174.467,195410.989,26.514,990,,,
232,1,0,1,1,1,2510178.916,195396.664,26.214,0,,,
233,1,770911,1,1,1,2510227.247,195394.273,26.323,770,911,,
234,1,900940,1,1,1,2510221.498,195413.074,26.577,900,940,,
235,1,770,1,1,1,2510225.208,195410.066,26.313,770,,,
236,1,770991,1,1,1,2510222.536,195426.594,26.477,770,991,,
237,1,940,1,1,1,2510219.361,195427.064,26.552,940,,,
238,1,32,1,1,1,2510222.538,195430.767,-999,32,,,
239,1,990701711.1S,1,1,1,2510232.92,195426.678,-999,990,701,711,1S0
240,1,940,1,1,1,2510218.161,195440.613,26.525,940,,,
241,1,770,1,1,1,2510221.645,195443.175,26.669,770,,,
242,1,940991,1,1,1,2510219.118,195453.798,26.52,940,991,,
243,1,710201,1,1,1,2510263.435,195428.733,-999,710,201,,
244,1,770,1,1,1,2510222.436,195447.862,26.686,770,,,
245,1,200,1,1,1,2510264.539,195428.818,26.419,200,,,
246,1,76,1,1,1,2510227.835,195440.725,26.665,76,,,
247,1,200,1,1,1,2510276.923,195409.682,26.337,200,,,
248,1,84,1,1,1,2510267.006,195410.965,26.187,84,,,
249,1,200,1,1,1,2510280.376,195405.097,26.299,200,,,
250,1,910,1,1,1,2510271.792,195396.636,26.319,910,,,
251,1,84,1,1,1,2510270.037,195390.899,26.149,84,,,
252,1,200910,1,1,1,2510284.681,195397.945,26.339,200,910,,
253,1,200,1,1,1,2510289.017,195390.792,26.331,200,,,
254,1,920,1,1,1,2510282.206,195380.298,26.278,920,,,
255,1,84,1,1,1,2510280.267,195375.689,26.078,84,,,
256,1,205920,1,1,1,2510295.514,195381.663,26.234,205,920,,
257,1,84,1,1,1,2510302.376,195395.001,25.764,84,,,
258,1,930,1,1,1,2510250.334,195353.216,26.171,930,,,
259,1,200,1,1,1,2510300.181,195376.079,26.206,200,,,
260,1,206,1,1,1,2510303.103,195368.983,26.209,206,,,
261,1,930,1,1,1,2510274.25,195354.878,26.145,930,,,
262,1,511901200,1,1,1,2510304.823,195363.377,25.805,511,901,200,
263,1,110510930.1,1,1,1,2510301.547,195356.279,-999,110,510,930,100
264,1,181,1,1,1,2510289.169,195341.354,24.892,181,,,
265,1,180991,1,1,1,2510299.017,195349.767,25.028,180,991,,
266,1,151,1,1,1,2510345.875,195330.511,24.892,151,,,
267,1,991,1,1,1,2510306.014,195363.257,25.154,991,,,
268,1,990,1,1,1,2510306.426,195362.097,25.158,990,,,
269,1,84,1,1,1,2510321.373,195360.84,24.908,84,,,
270,1,155,1,1,1,2510331.606,195333.304,24.907,155,,,
271,1,150,1,1,1,2510328.277,195335.131,24.945,150,,,
272,1,156,1,1,1,2510325.491,195339.808,24.953,156,,,
273,1,150901911,1,1,1,2510324.674,195342.096,24.981,150,901,911,
274,1,82,1,1,1,2510316.672,195302.836,24.445,82,,,
275,1,990,1,1,1,2510304.719,195357.517,25.112,990,,,
276,1,910,1,1,1,2510313.578,195346.28,25.062,910,,,
277,1,990910,1,1,1,2510300.71,195350.009,25.014,990,910,,
278,1,117,1,1,1,2510306.456,195364.887,26.071,117,,,
279,1,115,1,1,1,2510316.014,195376.099,26.014,115,,,
280,1,110,1,1,1,2510321.218,195383.782,25.99,110,,,
281,1,110,1,1,1,2510326.43,195400.762,26.05,110,,,
282,1,116,1,1,1,2510325.003,195411.229,26.05,116,,,
283,1,110,1,1,1,2510323.522,195420.162,26.01,110,,,
284,1,991,1,1,1,2510324.394,195424.951,25.552,991,,,
285,1,110911,1,1,1,2510323.28,195425.835,25.974,110,911,,
286,1,910,1,1,1,2510316.629,195424.508,25.99,910,,,
287,1,84,1,1,1,2510313.906,195419.162,25.82,84,,,
288,1,84,1,1,1,2510309.501,195428.139,25.89,84,,,
289,1,110,1,1,1,2510323.781,195432.438,26.04,110,,,
290,1,990981,1,1,1,2510349.357,195425.189,25.217,990,981,,
291,1,990971,1,1,1,2510353.492,195425.27,25.152,990,971,,
292,1,970,1,1,1,2510364.955,195421.45,25.129,970,,,
293,1,910,1,1,1,2510274.683,195413.275,-999,910,,,
294,1,980,1,1,1,2510346.637,195412.994,25.043,980,,,
295,1,710,1,1,1,2510262.594,195432.359,-999,710,,,
296,1,110,1,1,1,2510322.913,195439.473,26.028,110,,,
297,1,980,1,1,1,2510342.049,195398.323,25.03,980,,,
298,1,84,1,1,1,2510335.691,195403.179,24.91,84,,,
299,1,84,1,1,1,2510347.467,195392.438,24.88,84,,,
300,1,710911,1,1,1,2510262.063,195433.762,-999,710,911,,
301,1,910,1,1,1,2510270.103,195435.579,-999,910,,,
302,1,110910,1,1,1,2510321.732,195445.566,25.944,110,910,,
303,1,980,1,1,1,2510335.329,195375.016,25.022,980,,,
304,1,980900,1,1,1,2510331.004,195360.949,25.035,980,900,,
305,1,91,1,1,1,2510280.308,195445.139,25.982,91,,,
306,1,84,1,1,1,2510284.106,195430.628,25.932,84,,,
307,1,32,1,1,1,2510261.735,195436.094,-999,32,,,
